,,,,,,ProStream OUT,,,BB IN (163),,,,,,,,BB OUT (162),,,,,,,,,,,,,
,,,,,,,,,,,,,,,,,SD720х576/ HD1920х1080,HIGH,SD640х480,MED,SD320х240/ HD1280х720,LOW,,,,,,,,
#,Канал,,фронтенд,вещает,записывается,Multicast address,port,SRC address,Multicast address,port,SRC address,source IN,визуальное качество IN,визуальное качество OUT,Res,AR,Multicast address,Port,Multicast address,Port,Multicast address,Port,SRC address,TS Port,url,,,,,Новый домен
channel_num,channel_name_ru,refname,,stream_fe,dvr_fe,prostream_mc_address,prostream_mc_port,prostream_mc_src_address,mc_in_address,mc_in_port,,,,,resolution,aspect_ratio,mc_1_out_address,mc_1_out_port,mc_2_out_address,mc_2_out_port,mc_3_out_address,mc_3_out_port,mc_out_src_address,ts_port,,,,,,
1,Первый канал,pervyj,fe01,sfe1,sfe1,,,,239.255.51.1,1234,,,,удовлетворительно,720x576,16:9,228.8.10.1,10001,228.8.9.1,9001,228.8.8.1,8001,,17001,http://sfe1.rt.bradburylab.tv/live/_definst_/smil:pervyj_sd.smil/playlist.m3u8,http://sfe1.rt.bradburylab.tv/live/%02d_%02d_pervyj_576p/playlist.m3u8?DVR&start=%d&duration=%d,228.8.8.1:8001,228.8.9.1:9001,228.8.10.1:10001,sfe1
2,Россия 1,rossia1,fe01,sfe1,sfe1,,,,239.255.51.2,1234,,,,удовлетворительно,720x576,4:3,228.8.10.2,10002,228.8.9.2,9002,228.8.8.2,8002,,17002,http://sfe1.rt.bradburylab.tv/live/_definst_/smil:rossia1_sd.smil/playlist.m3u8,http://sfe1.rt.bradburylab.tv/live/%02d_%02d_rossia1_576p/playlist.m3u8?DVR&start=%d&duration=%d,228.8.8.2:8002,228.8.9.2:9002,228.8.10.2:10002,sfe1
3,НТВ,ntv,fe01,sfe1,sfe1,,,,239.255.51.4,1234,,,,удовлетворительно,720x576,4:3,228.8.10.3,10003,228.8.9.3,9003,228.8.8.3,8003,,17003,http://sfe1.rt.bradburylab.tv/live/_definst_/smil:ntv_sd.smil/playlist.m3u8,http://sfe1.rt.bradburylab.tv/live/%02d_%02d_ntv_576p/playlist.m3u8?DVR&start=%d&duration=%d,228.8.8.3:8003,228.8.9.3:9003,228.8.10.3:10003,sfe1
4,Россия 24,rossia24,fe01,sfe1,sfe1,,,,239.255.50.15,1234,,,,удовлетворительно,720x576,4:3,228.8.10.4,10004,228.8.9.4,9004,228.8.8.4,8004,,17004,http://sfe1.rt.bradburylab.tv/live/_definst_/smil:rossia24_sd.smil/playlist.m3u8,http://sfe1.rt.bradburylab.tv/live/%02d_%02d_rossia24_576p/playlist.m3u8?DVR&start=%d&duration=%d,228.8.8.4:8004,228.8.9.4:9004,228.8.10.4:10004,sfe1
5,5 канал Петербург,peterburg5,fe01,sfe1,sfe1,,,,239.255.51.28,1234,,,,удовлетворительно,720x576,4:3,228.8.10.5,10005,228.8.9.5,9005,228.8.8.5,8005,,17005,http://sfe1.rt.bradburylab.tv/live/_definst_/smil:peterburg5_sd.smil/playlist.m3u8,http://sfe1.rt.bradburylab.tv/live/%02d_%02d_peterburg5_576p/playlist.m3u8?DVR&start=%d&duration=%d,228.8.8.5:8005,228.8.9.5:9005,228.8.10.5:10005,sfe1
6,Россия К,rossijak,fe01,sfe1,sfe1,,,,239.255.51.5,1234,,,,удовлетворительно,720x576,4:3,228.8.10.6,10006,228.8.9.6,9006,228.8.8.6,8006,,17006,http://sfe1.rt.bradburylab.tv/live/_definst_/smil:rossijak_sd.smil/playlist.m3u8,http://sfe1.rt.bradburylab.tv/live/%02d_%02d_rossijak_576p/playlist.m3u8?DVR&start=%d&duration=%d,228.8.8.6:8006,228.8.9.6:9006,228.8.10.6:10006,sfe1
7,Россия 2,rossia2,fe01,sfe1,sfe1,,,,239.255.50.6,1234,,,,удовлетворительно,720x576,4:3,228.8.10.7,10007,228.8.9.7,9007,228.8.8.7,8007,,17007,http://sfe1.rt.bradburylab.tv/live/_definst_/smil:rossia2_sd.smil/playlist.m3u8,http://sfe1.rt.bradburylab.tv/live/%02d_%02d_rossia2_576p/playlist.m3u8?DVR&start=%d&duration=%d,228.8.8.7:8007,228.8.9.7:9007,228.8.10.7:10007,sfe1
8,Карусель,karusel,fe01,sfe1,sfe1,,,,239.255.50.20,1234,,,,удовлетворительно,720x576,4:3,228.8.10.8,10008,228.8.9.8,9008,228.8.8.8,8008,,17008,http://sfe1.rt.bradburylab.tv/live/_definst_/smil:karusel_sd.smil/playlist.m3u8,http://sfe1.rt.bradburylab.tv/live/%02d_%02d_karusel_576p/playlist.m3u8?DVR&start=%d&duration=%d,228.8.8.8:8008,228.8.9.8:9008,228.8.10.8:10008,sfe1
9,RUSONG TV,rusongtv,fe01,sfe1,,,,,239.32.0.71,5000,,,,удовлетворительно,704x576,4:3,228.8.10.33,10033,228.8.9.33,9033,228.8.8.33,8033,,17009,http://sfe1.rt.bradburylab.tv/live/_definst_/smil:rusongtv_sd.smil/playlist.m3u8,,228.8.8.33:8033,228.8.9.33:9033,228.8.10.33:10033,sfe1
10,Живи,zhivi,fe01,sfe1,,,,,239.2.255.90,2020,,,,удовлетворительно,720x576,4:3,228.8.10.35,10035,228.8.9.35,9035,228.8.8.35,8035,,17010,http://sfe1.rt.bradburylab.tv/live/_definst_/smil:zhivi_sd.smil/playlist.m3u8,,228.8.8.35:8035,228.8.9.35:9035,228.8.10.35:10035,sfe1
11,Русский экстрим,russkijextrim,fe01,sfe1,,,,,233.99.61.56,5000,,,,удовлетворительно,544x576,4:3,228.8.10.44,10044,228.8.9.44,9044,228.8.8.44,8044,,17011,http://sfe1.rt.bradburylab.tv/live/_definst_/smil:russkijextrim_sd.smil/playlist.m3u8,,228.8.8.44:8044,228.8.9.44:9044,228.8.10.44:10044,sfe1
12,Outdoor Channel,outdoorchannel,fe01,sfe1,закн,,,,239.32.0.14,5000,,,,удовлетворительно,720x576,4:3,228.8.10.47,10047,228.8.9.47,9047,228.8.8.47,8047,,17012,http://sfe1.rt.bradburylab.tv/live/_definst_/smil:outdoorchannel_sd.smil/playlist.m3u8,http://закн.rt.bradburylab.tv/live/%02d_%02d_outdoorchannel_576p/playlist.m3u8?DVR&start=%d&duration=%d,228.8.8.47:8047,228.8.9.47:9047,228.8.10.47:10047,sfe1
13,Amedia,amedia,fe01,sfe1,,,,,233.99.61.243,5000,,82.208.79.166,удовлетворительно,удовлетворительно,704x576,4:3,228.8.10.49,10049,228.8.9.49,9049,228.8.8.49,8049,,17013,http://sfe1.rt.bradburylab.tv/live/_definst_/smil:amedia_sd.smil/playlist.m3u8,,228.8.8.49:8049,228.8.9.49:9049,228.8.10.49:10049,sfe1
14,Комедия ТВ,komedijatv,fe01,sfe1,sfe1,,,,233.99.61.90,5000,,,,удовлетворительно,704x576,4:3,228.8.10.50,10050,228.8.9.50,9050,228.8.8.50,8050,,17014,http://sfe1.rt.bradburylab.tv/live/_definst_/smil:komedijatv_sd.smil/playlist.m3u8,http://sfe1.rt.bradburylab.tv/live/%02d_%02d_komedijatv_576p/playlist.m3u8?DVR&start=%d&duration=%d,228.8.8.50:8050,228.8.9.50:9050,228.8.10.50:10050,sfe1
15,24 ТЕХНО,24techno,fe01,sfe1,sfe1,,,,239.2.255.43,2020,,,,удовлетворительно,544x576,4:3,228.8.10.54,10054,228.8.9.54,9054,228.8.8.54,8054,,17015,http://sfe1.rt.bradburylab.tv/live/_definst_/smil:24techno_sd.smil/playlist.m3u8,http://sfe1.rt.bradburylab.tv/live/%02d_%02d_24techno_576p/playlist.m3u8?DVR&start=%d&duration=%d,228.8.8.54:8054,228.8.9.54:9054,228.8.10.54:10054,sfe1
16,ТДК,tdk,fe01,sfe1,,,,,224.1.1.24,6000,,,,удовлетворительно,576x352,4:3,228.8.10.56,10056,228.8.9.56,9056,228.8.8.56,8056,,17016,http://sfe1.rt.bradburylab.tv/live/_definst_/smil:tdk_sd.smil/playlist.m3u8,,228.8.8.56:8056,228.8.9.56:9056,228.8.10.56:10056,sfe1
17,ТНВ-Планета,tnvplaneta,fe01,sfe1,,,,,239.2.255.45,2020,,,удовлетворительно,удовлетворительно,544x576,4:3,228.8.10.57,10057,228.8.9.57,9057,228.8.8.57,8057,,17017,http://sfe1.rt.bradburylab.tv/live/_definst_/smil:tnvplaneta_sd.smil/playlist.m3u8,,228.8.8.57:8057,228.8.9.57:9057,228.8.10.57:10057,sfe1
18,Кухня ТВ,kuhnjatv,fe01,sfe1,,,,,233.99.61.98,5000,,,,удовлетворительно,704x576,4:3,228.8.10.64,10064,228.8.9.64,9064,228.8.8.64,8064,,17018,http://sfe1.rt.bradburylab.tv/live/_definst_/smil:kuhnjatv_sd.smil/playlist.m3u8,,228.8.8.64:8064,228.8.9.64:9064,228.8.10.64:10064,sfe1
19,Телепутешествия,teleputeshestviya,fe01,sfe1,sfe1,,,,239.32.0.5,5000,,,,удовлетворительно,544x576,16:9,228.8.10.58,10058,228.8.9.58,9058,228.8.8.58,8058,,17019,http://sfe1.rt.bradburylab.tv/live/_definst_/smil:teleputeshestviya_sd.smil/playlist.m3u8,http://sfe1.rt.bradburylab.tv/live/%02d_%02d_teleputeshestviya_576p/playlist.m3u8?DVR&start=%d&duration=%d,228.8.8.58:8058,228.8.9.58:9058,228.8.10.58:10058,sfe1
20,NAT Geo Wild,natgeowild,fe01,sfe1,sfe1,,,,239.32.0.32,5000,,,,удовлетворительно,720x576,4:3,228.8.10.28,10028,228.8.9.28,9028,228.8.8.28,8028,,17020,http://sfe1.rt.bradburylab.tv/live/_definst_/smil:natgeowild_sd.smil/playlist.m3u8,http://sfe1.rt.bradburylab.tv/live/%02d_%02d_natgeowild_576p/playlist.m3u8?DVR&start=%d&duration=%d,228.8.8.28:8028,228.8.9.28:9028,228.8.10.28:10028,sfe1
21,Stream:Ретро-ТВ,retrotv,fe01,sfe1,,,,,233.99.61.222,5000,,,,удовлетворительно,720x576,4:3,228.8.10.32,10032,228.8.9.32,9032,228.8.8.32,8032,,17021,http://sfe1.rt.bradburylab.tv/live/_definst_/smil:retrotv_sd.smil/playlist.m3u8,,228.8.8.32:8032,228.8.9.32:9032,228.8.10.32:10032,sfe1
22,Stream:Здоровое ТВ,zdorovoetv,fe01,sfe1,,,,,233.99.61.220,5000,,,,удовлетворительно,720x576,4:3,228.8.10.25,10025,228.8.9.25,9025,228.8.8.25,8025,,17022,http://sfe1.rt.bradburylab.tv/live/_definst_/smil:zdorovoetv_sd.smil/playlist.m3u8,,228.8.8.25:8025,228.8.9.25:9025,228.8.10.25:10025,sfe1
23,MGM,mgm,fe01,sfe1,sfe1,,,,239.32.0.26,5000,,,,удовлетворительно,720x576,4:3,228.8.10.29,10029,228.8.9.29,9029,228.8.8.29,8029,,17023,http://sfe1.rt.bradburylab.tv/live/_definst_/smil:mgm_sd.smil/playlist.m3u8,http://sfe1.rt.bradburylab.tv/live/%02d_%02d_mgm_576p/playlist.m3u8?DVR&start=%d&duration=%d,228.8.8.29:8029,228.8.9.29:9029,228.8.10.29:10029,sfe1
24,Eurosport News,eurosportnews,fe01,sfe1,,,,,239.32.0.58,5000,,,удовлетворительно,удовлетворительно,720x576,4:3,228.8.10.30,10030,228.8.9.30,9030,228.8.8.30,8030,,17024,http://sfe1.rt.bradburylab.tv/live/_definst_/smil:eurosportnews_sd.smil/playlist.m3u8,,228.8.8.30:8030,228.8.9.30:9030,228.8.10.30:10030,sfe1
25,Tiji,tiji,fe01,sfe1,sfe1,,,,233.99.61.116,5000,,,удовлетворительно,удовлетворительно,704x576,4:3,228.8.10.46,10046,228.8.9.46,9046,228.8.8.46,8046,,17025,http://sfe1.rt.bradburylab.tv/live/_definst_/smil:tiji_sd.smil/playlist.m3u8,http://sfe1.rt.bradburylab.tv/live/%02d_%02d_tiji_576p/playlist.m3u8?DVR&start=%d&duration=%d,228.8.8.46:8046,228.8.9.46:9046,228.8.10.46:10046,sfe1
26,English club,englishclub,fe01,sfe1,,,,,239.255.50.93,1234,,,,удовлетворительно,544x576,16:9,228.8.10.65,10065,228.8.9.65,9065,228.8.8.65,8065,,17026,http://sfe1.rt.bradburylab.tv/live/_definst_/smil:englishclub_sd.smil/playlist.m3u8,,228.8.8.65:8065,228.8.9.65:9065,228.8.10.65:10065,sfe1
27,Домашние Животные,domashniezhivotnye,fe01,sfe1,,,,,239.2.255.74,2020,,,удовлетворительно,удовлетворительно,720x576,4:3,228.8.10.18,10018,228.8.9.18,9018,228.8.8.18,8018,,17027,http://sfe1.rt.bradburylab.tv/live/_definst_/smil:domashniezhivotnye_sd.smil/playlist.m3u8,,228.8.8.18:8018,228.8.9.18:9018,228.8.10.18:10018,sfe1
28,Психология 21,prihologija21,fe01,sfe1,,,,,239.2.255.76,2020,,,удовлетворительно,удовлетворительно,720x576,4:3,228.8.10.20,10020,228.8.9.20,9020,228.8.8.20,8020,,17028,http://sfe1.rt.bradburylab.tv/live/_definst_/smil:prihologija21_sd.smil/playlist.m3u8,,228.8.8.20:8020,228.8.9.20:9020,228.8.10.20:10020,sfe1
29,Охота и рыбалка,ohotairybalka,fe01,sfe1,sfe1,,,,233.99.61.221,5000,,,удовлетворительно,удовлетворительно,720x576,4:3,228.8.10.22,10022,228.8.9.22,9022,228.8.8.22,8022,,17029,http://sfe1.rt.bradburylab.tv/live/_definst_/smil:ohotairybalka_sd.smil/playlist.m3u8,http://sfe1.rt.bradburylab.tv/live/%02d_%02d_ohotairybalka_576p/playlist.m3u8?DVR&start=%d&duration=%d,228.8.8.22:8022,228.8.9.22:9022,228.8.10.22:10022,sfe1
30,Stream:Усадьба-ТВ,usadba,fe01,sfe1,,,,,233.99.61.223,5000,,,,удовлетворительно,720x576,4:3,228.8.10.23,10023,228.8.9.23,9023,228.8.8.23,8023,,17030,http://sfe1.rt.bradburylab.tv/live/_definst_/smil:usadba_sd.smil/playlist.m3u8,,228.8.8.23:8023,228.8.9.23:9023,228.8.10.23:10023,sfe2
31,Mezzo ,mezzo,fe01,sfe1,,,,,239.32.0.40,5000,,,,удовлетворительно,704x576,16:9,228.8.10.12,10012,228.8.9.12,9012,228.8.8.12,8012,,17031,http://sfe1.rt.bradburylab.tv/live/_definst_/smil:mezzo_sd.smil/playlist.m3u8,,228.8.8.12:8012,228.8.9.12:9012,228.8.10.12:10012,sfe1
32,NHK (NHK World TV),nhkworldtv,fe02,sfe1,,,,,239.32.0.17,5014,,,,удовлетворительно,720x576,4:3,228.8.10.66,10066,228.8.9.66,9066,228.8.8.66,8066,,17032,http://sfe1.rt.bradburylab.tv/live/_definst_/smil:nhkworldtv_sd.smil/playlist.m3u8,,228.8.8.66:8066,228.8.9.66:9066,228.8.10.66:10066,sfe2
33,National Geographic,ngc,fe02,sfe1,sfe1,,,,239.255.50.107,1234,,,,удовлетворительно,704x576,4:3,228.8.10.48,10048,228.8.9.48,9048,228.8.8.48,8048,,17033,http://sfe1.rt.bradburylab.tv/live/_definst_/smil:ngc_sd.smil/playlist.m3u8,http://sfe1.rt.bradburylab.tv/live/%02d_%02d_ngc_576p/playlist.m3u8?DVR&start=%d&duration=%d,228.8.8.48:8048,228.8.9.48:9048,228.8.10.48:10048,sfe2
34,Russia Today,russiatoday,fe02,sfe4,,,,,239.255.50.201,1234,,,,удовлетворительно,544x576,4:3,228.8.10.9,10009,228.8.9.9,9009,228.8.8.9,8009,,17034,http://sfe4.rt.bradburylab.tv/live/_definst_/smil:russiatoday_sd.smil/playlist.m3u8,,228.8.8.9:8009,228.8.9.9:9009,228.8.10.9:10009,sfe4
35,TV XXI Век,tvxxivek,fe02,sfe4,sfe4,,,,239.255.50.44,1234,,,,удовлетворительно,720x576,4:3,228.8.10.13,10013,228.8.9.13,9013,228.8.8.13,8013,,17035,http://sfe4.rt.bradburylab.tv/live/_definst_/smil:tvxxivek_sd.smil/playlist.m3u8,http://sfe4.rt.bradburylab.tv/live/%02d_%02d_tvxxivek_576p/playlist.m3u8?DVR&start=%d&duration=%d,228.8.8.13:8013,228.8.9.13:9013,228.8.10.13:10013,sfe4
36,Travel channel,travel,fe02,sfe4,sfe4,,,,224.1.1.20,6000,,,,удовлетворительно,720x576,4:3,228.8.10.16,10016,228.8.9.16,9016,228.8.8.16,8016,,17036,http://sfe4.rt.bradburylab.tv/live/_definst_/smil:travel_sd.smil/playlist.m3u8,http://sfe4.rt.bradburylab.tv/live/%02d_%02d_travel_576p/playlist.m3u8?DVR&start=%d&duration=%d,228.8.8.16:8016,228.8.9.16:9016,228.8.10.16:10016,sfe4
37,ZooПарк,zoopark,fe02,sfe4,,,,,239.2.255.68,2020,,,,удовлетворительно,704x576,4:3,228.8.10.17,10017,228.8.9.17,9017,228.8.8.17,8017,,17037,http://sfe4.rt.bradburylab.tv/live/_definst_/smil:zoopark_sd.smil/playlist.m3u8,,228.8.8.17:8017,228.8.9.17:9017,228.8.10.17:10017,sfe4
38,Ocean TV,oceantv,fe02,sfe4,,,,,239.255.50.61,1234,,,,удовлетворительно,720x576,4:3,228.8.10.24,10024,228.8.9.24,9024,228.8.8.24,8024,,17038,http://sfe4.rt.bradburylab.tv/live/_definst_/smil:oceantv_sd.smil/playlist.m3u8,,228.8.8.24:8024,228.8.9.24:9024,228.8.10.24:10024,sfe4
39,Deutsche Welle,deutschewelle,fe02,sfe4,,,,,239.32.0.34,5030,,,удовлетворительно,удовлетворительно,720x576,16:9,228.8.10.31,10031,228.8.9.31,9031,228.8.8.31,8031,,17039,http://sfe4.rt.bradburylab.tv/live/_definst_/smil:deutschewelle_sd.smil/playlist.m3u8,,228.8.8.31:8031,228.8.9.31:9031,228.8.10.31:10031,sfe4
40,Ностальгия,nostalgia,fe02,sfe4,sfe4,,,,239.32.0.24,5021,,,удовлетворительно,удовлетворительно,704x576,4:3,228.8.10.62,10062,228.8.9.62,9062,228.8.8.62,8062,,17040,http://sfe4.rt.bradburylab.tv/live/_definst_/smil:nostalgia_sd.smil/playlist.m3u8,http://sfe4.rt.bradburylab.tv/live/%02d_%02d_nostalgia_576p/playlist.m3u8?DVR&start=%d&duration=%d,228.8.8.62:8062,228.8.9.62:9062,228.8.10.62:10062,sfe4
41,Music Box RU,musicboxru,fe02,sfe4,,,,,239.255.50.25,1234,,,,удовлетворительно,544x576,4:3,228.8.10.37,10037,228.8.9.37,9037,228.8.8.37,8037,,17041,http://sfe4.rt.bradburylab.tv/live/_definst_/smil:musicboxru_sd.smil/playlist.m3u8,,228.8.8.37:8037,228.8.9.37:9037,228.8.10.37:10037,sfe4
42,Music Box TV,musicboxrv,fe02,sfe4,,,,,239.255.50.63,1234,,,,удовлетворительно,544x576,4:3,228.8.10.38,10038,228.8.9.38,9038,228.8.8.38,8038,,17042,http://sfe4.rt.bradburylab.tv/live/_definst_/smil:musicboxrv_sd.smil/playlist.m3u8,,228.8.8.38:8038,228.8.9.38:9038,228.8.10.38:10038,sfe4
43,O2,o2molodo,fe02,sfe4,,,,,239.255.50.139,1234,,,,удовлетворительно,704x576,4:3,228.8.10.39,10039,228.8.9.39,9039,228.8.8.39,8039,,17043,http://sfe4.rt.bradburylab.tv/live/_definst_/smil:o2molodo_sd.smil/playlist.m3u8,,228.8.8.39:8039,228.8.9.39:9039,228.8.10.39:10039,sfe4
44,Ru Tv,rutv,fe02,sfe4,,,,,239.255.50.129,1234,,,,удовлетворительно,720x576,4:3,228.8.10.40,10040,228.8.9.40,9040,228.8.8.40,8040,,17044,http://sfe4.rt.bradburylab.tv/live/_definst_/smil:rutv_sd.smil/playlist.m3u8,,228.8.8.40:8040,228.8.9.40:9040,228.8.10.40:10040,sfe4
45,Мультимания,multimany,fe02,sfe4,sfe4,,,,239.32.0.47,5000,,,,удовлетворительно,544x576,4:3,228.8.10.63,10063,228.8.9.63,9063,228.8.8.63,8063,,17045,http://sfe4.rt.bradburylab.tv/live/_definst_/smil:multimany_sd.smil/playlist.m3u8,http://sfe4.rt.bradburylab.tv/live/%02d_%02d_multimany_576p/playlist.m3u8?DVR&start=%d&duration=%d,228.8.8.63:8063,228.8.9.63:9063,228.8.10.63:10063,sfe4
46,Страна,strana,fe02,sfe4,,,,,239.2.255.126,2020,,,,удовлетворительно,544x576,4:3,228.8.10.78,10078,228.8.9.78,9078,228.8.8.78,8078,,17046,http://sfe4.rt.bradburylab.tv/live/_definst_/smil:strana_sd.smil/playlist.m3u8,,228.8.8.78:8078,228.8.9.78:9078,228.8.10.78:10078,sfe4
47,РБК-ТВ,rbktv,fe02,sfe4,sfe4,,,,239.255.50.10,1234,,,,удовлетворительно,704x576,4:3,228.8.10.79,10079,228.8.9.79,9079,228.8.8.79,8079,,17047,http://sfe4.rt.bradburylab.tv/live/_definst_/smil:rbktv_sd.smil/playlist.m3u8,http://sfe4.rt.bradburylab.tv/live/%02d_%02d_rbktv_576p/playlist.m3u8?DVR&start=%d&duration=%d,228.8.8.79:8079,228.8.9.79:9079,228.8.10.79:10079,sfe4
48,Наука 2.0,nauka2.0,fe02,sfe4,sfe4,,,,239.32.0.49,5000,,,удовлетворительно,удовлетворительно,720x576,4:3,228.8.10.82,10082,228.8.9.82,9082,228.8.8.82,8082,,17048,http://sfe4.rt.bradburylab.tv/live/_definst_/smil:nauka2.0_sd.smil/playlist.m3u8,http://sfe4.rt.bradburylab.tv/live/%02d_%02d_nauka2.0_576p/playlist.m3u8?DVR&start=%d&duration=%d,228.8.8.82:8082,228.8.9.82:9082,228.8.10.82:10082,sfe4
49,365 дней,365dney,fe02,sfe4,sfe4,,,,239.32.0.9,5000,,,,удовлетворительно,704x576,4:3,228.8.10.83,10083,228.8.9.83,9083,228.8.8.83,8083,,17049,http://sfe4.rt.bradburylab.tv/live/_definst_/smil:365dney_sd.smil/playlist.m3u8,http://sfe4.rt.bradburylab.tv/live/%02d_%02d_365dney_576p/playlist.m3u8?DVR&start=%d&duration=%d,228.8.8.83:8083,228.8.9.83:9083,228.8.10.83:10083,sfe4
50,Zee TV,zeetv,fe02,sfe4,,,,,239.255.50.116,1234,,,,удовлетворительно,720x576,4:3,228.8.10.85,10085,228.8.9.85,9085,228.8.8.85,8085,,17050,http://sfe4.rt.bradburylab.tv/live/_definst_/smil:zeetv_sd.smil/playlist.m3u8,,228.8.8.85:8085,228.8.9.85:9085,228.8.10.85:10085,sfe4
51,Союз,soyuz,fe02,sfe4,,,,,233.7.70.24,5000,,,,удовлетворительно,704x576,4:3,228.8.10.52,10052,228.8.9.52,9052,228.8.8.52,8052,,17051,http://sfe4.rt.bradburylab.tv/live/_definst_/smil:soyuz_sd.smil/playlist.m3u8,,228.8.8.52:8052,228.8.9.52:9052,228.8.10.52:10052,sfe4
52,Моя планета,mojaplaneta,fe02,sfe4,sfe4,,,,233.7.70.71,5000,,,,удовлетворительно,704x576,4:3,228.8.10.53,10053,228.8.9.53,9053,228.8.8.53,8053,,17052,http://sfe4.rt.bradburylab.tv/live/_definst_/smil:mojaplaneta_sd.smil/playlist.m3u8,http://sfe4.rt.bradburylab.tv/live/%02d_%02d_mojaplaneta_576p/playlist.m3u8?DVR&start=%d&duration=%d,228.8.8.53:8053,228.8.9.53:9053,228.8.10.53:10053,sfe4
53,Euronews,eronews,,sfe2,,,,,239.255.50.101,1234,,,,удовлетворительно,720x576,16:9,228.8.10.11,10011,228.8.9.11,9011,228.8.8.11,8011,,17053,http://sfe2.rt.bradburylab.tv/live/_definst_/smil:eronews_sd.smil/playlist.m3u8,,228.8.8.11:8011,228.8.9.11:9011,228.8.10.11:10011,sfe2
54,Иллюзион +,illusionplus,,sfe2,sfe2,,,,233.132.142.48,1234,,,,удовлетворительно,720x576,4:3,228.8.10.14,10014,228.8.9.14,9014,228.8.8.14,8014,,17054,http://sfe2.rt.bradburylab.tv/live/_definst_/smil:illusionplus_sd.smil/playlist.m3u8,http://sfe2.rt.bradburylab.tv/live/%02d_%02d_illusionplus_576p/playlist.m3u8?DVR&start=%d&duration=%d,228.8.8.14:8014,228.8.9.14:9014,228.8.10.14:10014,sfe2
55,Русский Иллюзион,rusillusion,,sfe2,sfe2,,,,233.132.142.26,1234,,,,удовлетворительно,720x576,4:3,228.8.10.15,10015,228.8.9.15,9015,228.8.8.15,8015,,17055,http://sfe2.rt.bradburylab.tv/live/_definst_/smil:rusillusion_sd.smil/playlist.m3u8,http://sfe2.rt.bradburylab.tv/live/%02d_%02d_rusillusion_576p/playlist.m3u8?DVR&start=%d&duration=%d,228.8.8.15:8015,228.8.9.15:9015,228.8.10.15:10015,sfe2
56,Kids Co,kidsco,,sfe2,sfe2,,,,239.255.50.138,1234,,,,удовлетворительно,544x576,4:3,228.8.10.26,10026,228.8.9.26,9026,228.8.8.26,8026,,17056,http://sfe2.rt.bradburylab.tv/live/_definst_/smil:kidsco_sd.smil/playlist.m3u8,http://sfe2.rt.bradburylab.tv/live/%02d_%02d_kidsco_576p/playlist.m3u8?DVR&start=%d&duration=%d,228.8.8.26:8026,228.8.9.26:9026,228.8.10.26:10026,sfe2
57,A-one,aone,,sfe2,,,,,239.255.50.14,1234,,,,удовлетворительно,544x576,4:3,228.8.10.36,10036,228.8.9.36,9036,228.8.8.36,8036,,17057,http://sfe2.rt.bradburylab.tv/live/_definst_/smil:aone_sd.smil/playlist.m3u8,,228.8.8.36:8036,228.8.9.36:9036,228.8.10.36:10036,sfe2
58,Шансон ТВ,shansontv,,sfe2,,,,,239.2.255.75,2020,,,,удовлетворительно,544x576,4:3,228.8.10.41,10041,228.8.9.41,9041,228.8.8.41,8041,,17058,http://sfe2.rt.bradburylab.tv/live/_definst_/smil:shansontv_sd.smil/playlist.m3u8,,228.8.8.41:8041,228.8.9.41:9041,228.8.10.41:10041,sfe2
59,Fashion TV,fashiontv,,sfe2,,,,,239.255.50.124,1234,,,,удовлетворительно,544x576,16:9,228.8.10.45,10045,228.8.9.45,9045,228.8.8.45,8045,,17059,http://sfe2.rt.bradburylab.tv/live/_definst_/smil:fashiontv_sd.smil/playlist.m3u8,,228.8.8.45:8045,228.8.9.45:9045,228.8.10.45:10045,sfe2
60,Ля-минор,ljaminor,,sfe2,sfe2,,,,233.99.61.96,5000,,,,удовлетворительно,704x576,4:3,228.8.10.51,10051,228.8.9.51,9051,228.8.8.51,8051,,17060,http://sfe2.rt.bradburylab.tv/live/_definst_/smil:ljaminor_sd.smil/playlist.m3u8,http://sfe2.rt.bradburylab.tv/live/%02d_%02d_ljaminor_576p/playlist.m3u8?DVR&start=%d&duration=%d,228.8.8.51:8051,228.8.9.51:9051,228.8.10.51:10051,sfe2
61,Спорт 2,sport2,,sfe2,sfe2,,,,239.32.0.50,5000,,,удовлетворительно,удовлетворительно,544x576,4:3,228.8.10.87,10087,228.8.9.87,9087,228.8.8.87,8087,,17061,http://sfe2.rt.bradburylab.tv/live/_definst_/smil:sport2_sd.smil/playlist.m3u8,http://sfe2.rt.bradburylab.tv/live/%02d_%02d_sport2_576p/playlist.m3u8?DVR&start=%d&duration=%d,228.8.8.87:8087,228.8.9.87:9087,228.8.10.87:10087,sfe2
62,Футбол,footbol,,sfe2,sfe2,,,,233.99.61.235,5000,,,,удовлетворительно,544x576,4:3,228.8.10.59,10059,228.8.9.59,9059,228.8.8.59,8059,,17062,http://sfe2.rt.bradburylab.tv/live/_definst_/smil:footbol_sd.smil/playlist.m3u8,http://sfe2.rt.bradburylab.tv/live/%02d_%02d_footbol_576p/playlist.m3u8?DVR&start=%d&duration=%d,228.8.8.59:8059,228.8.9.59:9059,228.8.10.59:10059,sfe2
63,Первый образовательный,pervyiobrazovatelniyi,,sfe2,,,,,239.2.255.38,2020,,,,удовлетворительно,720x576,4:3,228.8.10.60,10060,228.8.9.60,9060,228.8.8.60,8060,,17063,http://sfe2.rt.bradburylab.tv/live/_definst_/smil:pervyiobrazovatelniyi_sd.smil/playlist.m3u8,,228.8.8.60:8060,228.8.9.60:9060,228.8.10.60:10060,sfe2
64,EUROPA PLUS TV,europaplustv,,sfe2,,,,,239.32.0.48,5000,,,удовлетворительно,удовлетворительно,704x576,4:3,228.8.10.61,10061,228.8.9.61,9061,228.8.8.61,8061,,17064,http://sfe2.rt.bradburylab.tv/live/_definst_/smil:europaplustv_sd.smil/playlist.m3u8,,228.8.8.61:8061,228.8.9.61:9061,228.8.10.61:10061,sfe2
65,НСТВ,hctv,,sfe2,sfe2,,,,224.1.1.80,6000,,,,удовлетворительно,544x576,4:3,228.8.10.70,10070,228.8.9.70,9070,228.8.8.70,8070,,17065,http://sfe2.rt.bradburylab.tv/live/_definst_/smil:hctv_sd.smil/playlist.m3u8,http://sfe2.rt.bradburylab.tv/live/%02d_%02d_hctv_576p/playlist.m3u8?DVR&start=%d&duration=%d,228.8.8.70:8070,228.8.9.70:9070,228.8.10.70:10070,sfe2
66,Спорт 1,sport1,,sfe2,sfe2,,,,233.7.70.75,5000,,,,удовлетворительно,720x576,16:9,228.8.10.71,10071,228.8.9.71,9071,228.8.8.71,8071,,17066,http://sfe2.rt.bradburylab.tv/live/_definst_/smil:sport1_sd.smil/playlist.m3u8,http://sfe2.rt.bradburylab.tv/live/%02d_%02d_sport1_576p/playlist.m3u8?DVR&start=%d&duration=%d,228.8.8.71:8071,228.8.9.71:9071,228.8.10.71:10071,sfe2
67,КХЛ ,khl,,,,,,,233.7.70.37,5000,,,,удовлетворительно,720x576,4:3,228.8.10.72,10072,228.8.9.72,9072,228.8.8.72,8072,,17067,http://.rt.bradburylab.tv/live/_definst_/smil:khl_sd.smil/playlist.m3u8,,228.8.8.72:8072,228.8.9.72:9072,228.8.10.72:10072,sfe2
68,Авто плюс,avtoplus,,sfe2,sfe2,,,,224.1.1.84,6000,,,удовлетворительно,удовлетворительно,704x576,4:3,228.8.10.73,10073,228.8.9.73,9073,228.8.8.73,8073,,17068,http://sfe2.rt.bradburylab.tv/live/_definst_/smil:avtoplus_sd.smil/playlist.m3u8,http://sfe2.rt.bradburylab.tv/live/%02d_%02d_avtoplus_576p/playlist.m3u8?DVR&start=%d&duration=%d,228.8.8.73:8073,228.8.9.73:9073,228.8.10.73:10073,sfe2
69,Боец,bojec,,sfe2,sfe2,,,,224.1.1.83,6000,,,удовлетворительно,удовлетворительно,704x576,4:3,228.8.10.74,10074,228.8.9.74,9074,228.8.8.74,8074,,17069,http://sfe2.rt.bradburylab.tv/live/_definst_/smil:bojec_sd.smil/playlist.m3u8,http://sfe2.rt.bradburylab.tv/live/%02d_%02d_bojec_576p/playlist.m3u8?DVR&start=%d&duration=%d,228.8.8.74:8074,228.8.9.74:9074,228.8.10.74:10074,sfe5
70,Бойцовский клуб ,boycovskiyclub,,sfe2,,,,,239.32.0.73,5000,,,,удовлетворительно,544x576,4:3,228.8.10.75,10075,228.8.9.75,9075,228.8.8.75,8075,,17070,http://sfe2.rt.bradburylab.tv/live/_definst_/smil:boycovskiyclub_sd.smil/playlist.m3u8,,228.8.8.75:8075,228.8.9.75:9075,228.8.10.75:10075,sfe5
71,Оружие,oruzhie,,sfe2,,,,,239.32.0.33,5000,,,удовлетворительно,удовлетворительно,720x576,4:3,228.8.10.76,10076,228.8.9.76,9076,228.8.8.76,8076,,17071,http://sfe2.rt.bradburylab.tv/live/_definst_/smil:oruzhie_sd.smil/playlist.m3u8,,228.8.8.76:8076,228.8.9.76:9076,228.8.10.76:10076,sfe5
72,Еврокино,eurokino,,sfe2,,,,,239.32.0.45,5000,,,удовлетворительно,удовлетворительно,704x576,4:3,228.8.10.77,10077,228.8.9.77,9077,228.8.8.77,8077,,17072,http://sfe2.rt.bradburylab.tv/live/_definst_/smil:eurokino_sd.smil/playlist.m3u8,,228.8.8.77:8077,228.8.9.77:9077,228.8.10.77:10077,sfe2
73,MCM TOP,mcmtop,,sfe2,,,,,239.255.50.125,1234,,,удовлетворительно,удовлетворительно,720x576,16:9,228.8.10.42,10042,228.8.9.42,9042,228.8.8.42,8042,,17073,http://sfe2.rt.bradburylab.tv/live/_definst_/smil:mcmtop_sd.smil/playlist.m3u8,,228.8.8.42:8042,228.8.9.42:9042,228.8.10.42:10042,sfe2
74,Eurosport 2,erosport,,sfe2,sfe2,,,,233.7.70.81,5000,,,удовлетворительно,удовлетворительно,720x576,16:9,228.8.10.43,10043,228.8.9.43,9043,228.8.8.43,8043,,17074,http://sfe2.rt.bradburylab.tv/live/_definst_/smil:erosport_sd.smil/playlist.m3u8,http://sfe2.rt.bradburylab.tv/live/%02d_%02d_erosport_576p/playlist.m3u8?DVR&start=%d&duration=%d,228.8.8.43:8043,228.8.9.43:9043,228.8.10.43:10043,sfe5
75,Stream:Drive,drive,,sfe2,,,,,233.99.61.219,5000,,,,удовлетворительно,720x576,4:3,228.8.10.21,10021,228.8.9.21,9021,228.8.8.21,8021,,17075,http://sfe2.rt.bradburylab.tv/live/_definst_/smil:drive_sd.smil/playlist.m3u8,,228.8.8.21:8021,228.8.9.21:9021,228.8.10.21:10021,sfe2
76,Gulli,gulli,,sfe4,,,,,239.32.0.8,5000,,,удовлетворительно,удовлетворительно,704x576,4:3,228.8.10.81,10081,228.8.9.81,9081,228.8.8.81,8081,,17076,http://sfe4.rt.bradburylab.tv/live/_definst_/smil:gulli_sd.smil/playlist.m3u8,,228.8.8.81:8081,228.8.9.81:9081,228.8.10.81:10081,sfe4
77,Вопрос и ответ,voprosyiotvety,,sfe4,,,,,239.2.255.27,2020,,,удовлетворительно,удовлетворительно,720x576,4:3,228.8.10.19,10019,228.8.9.19,9019,228.8.8.19,8019,,17077,http://sfe4.rt.bradburylab.tv/live/_definst_/smil:voprosyiotvety_sd.smil/playlist.m3u8,,228.8.8.19:8019,228.8.9.19:9019,228.8.10.19:10019,sfe4
78,Eurosport,eurosport,,sfe4,sfe4,,,,233.7.70.45,5000,,,удовлетворительно,удовлетворительно,720x576,16:9,228.8.10.84,10084,228.8.9.84,9084,228.8.8.84,8084,,17078,http://sfe4.rt.bradburylab.tv/live/_definst_/smil:eurosport_sd.smil/playlist.m3u8,http://sfe4.rt.bradburylab.tv/live/%02d_%02d_eurosport_576p/playlist.m3u8?DVR&start=%d&duration=%d,228.8.8.84:8084,228.8.9.84:9084,228.8.10.84:10084,sfe5
79,Все ТВ,vsetv,,sfe2,,,,,226.100.10.1,2000,,,,удовлетворительно,720x576,4:3,228.8.10.86,10086,228.8.9.86,9086,228.8.8.86,8086,,17079,http://sfe2.rt.bradburylab.tv/live/_definst_/smil:vsetv_sd.smil/playlist.m3u8,,,,,sfe2
80,КП,kp,,sfe3,,,,,239.32.0.16,5000,,,,удовлетворительно,720x576,4:3,228.8.10.88,10088,228.8.9.88,9088,228.8.8.88,8088,,17080,http://sfe3.rt.bradburylab.tv/live/_definst_/smil:kp_sd.smil/playlist.m3u8,,,,,sfe3
81,Просвещение,prosveshenie,,sfe3,,,,,239.32.0.3,5000,,,,удовлетворительно,720x576,4:3,228.8.10.89,10089,228.8.9.89,9089,228.8.8.89,8089,,17081,http://sfe3.rt.bradburylab.tv/live/_definst_/smil:prosveshenie_sd.smil/playlist.m3u8,,,,,sfe3
82,Bаby TV,babytv,,sfe3,,,,,239.32.0.35,5000,,,,удовлетворительно,544x576,4:3,228.8.10.90,10090,228.8.9.90,9090,228.8.8.90,8090,,17082,http://sfe3.rt.bradburylab.tv/live/_definst_/smil:babytv_sd.smil/playlist.m3u8,,,,,sfe3
83,AB Moteurs,abmoteurs,,sfe3,,,,,239.32.0.36,5000,,,,удовлетворительно,720x576,16:9,228.8.10.91,10091,228.8.9.91,9091,228.8.8.91,8091,,17083,http://sfe3.rt.bradburylab.tv/live/_definst_/smil:abmoteurs_sd.smil/playlist.m3u8,,,,,sfe5
84,Спас,spas,,sfe3,,,,, 233.132.142.40,1234,,,удовлетворительно,удовлетворительно,704x576,4:3,228.8.10.92,10092,228.8.9.92,9092,228.8.8.92,8092,,17084,http://sfe3.rt.bradburylab.tv/live/_definst_/smil:spas_sd.smil/playlist.m3u8,,,,,sfe3
85,Discovery Investigations,discoveryinvestigations,,sfe1,,,,,239.32.0.70,5000,,,,удовлетворительно,544x576,4:3,228.8.10.67,10067,228.8.9.67,9067,228.8.8.67,8067,,17085,http://sfe1.rt.bradburylab.tv/live/_definst_/smil:discoveryinvestigations_sd.smil/playlist.m3u8,,228.8.8.67:8067,228.8.9.67:9067,228.8.10.67:10067,sfe2
86,Discovery channel,discoverychannel,,sfe1,,,,,239.255.50.29,1234,,,,удовлетворительно,720x576,4:3,228.8.10.69,10069,228.8.9.69,9069,228.8.8.69,8069,,17086,http://sfe1.rt.bradburylab.tv/live/_definst_/smil:discoverychannel_sd.smil/playlist.m3u8,,228.8.8.69:8069,228.8.9.69:9069,228.8.10.69:10069,sfe2
87,Discovery Science,discoveryscience,,sfe1,,,,,239.2.255.94,2020,,,,удовлетворительно,704x576,4:3,228.8.10.68,10068,228.8.9.68,9068,228.8.8.68,8068,,17087,http://sfe1.rt.bradburylab.tv/live/_definst_/smil:discoveryscience_sd.smil/playlist.m3u8,,228.8.8.68:8068,228.8.9.68:9068,228.8.10.68:10068,sfe2
88,Discovery World,discoveryworld,,sfe2,,,,,239.2.255.95,2020,,,,удовлетворительно,704x576,4:3,228.8.10.10,10010,228.8.9.10,9010,228.8.8.10,8010,,17088,http://sfe2.rt.bradburylab.tv/live/_definst_/smil:discoveryworld_sd.smil/playlist.m3u8,,228.8.8.10:8010,228.8.9.10:9010,228.8.10.10:10010,sfe2
89,Animal Planet,animalplanet,,sfe4,,,,,239.255.50.28,1234,,,,удовлетворительно,704x576,4:3,228.8.10.80,10080,228.8.9.80,9080,228.8.8.80,8080,,17089,http://sfe4.rt.bradburylab.tv/live/_definst_/smil:animalplanet_sd.smil/playlist.m3u8,,228.8.8.80:8080,228.8.9.80:9080,228.8.10.80:10080,sfe4
90,TLC,tlc,,sfe3,,,,,239.255.50.30,1234,,,,,,,228.8.10.93,10093,228.8.9.93,9093,228.8.8.93,8093,,17090,http://sfe3.rt.bradburylab.tv/live/_definst_/smil:tlc_sd.smil/playlist.m3u8,,,,,sfe3
91,Общественное телевидение России,otr,,sfe3,,,,,239.255.136.26,1234,,,,,,,228.8.10.132,10132,228.8.9.132,9132,228.8.8.132,8132,,,,,,,,sfe3
234,Galaxy,galaxy,,sfe3,sfe3,,,,239.32.0.4,5000,,,,,,,228.8.10.133,10133,228.8.9.133,9133,228.8.8.133,8133,,,,,,,,sfe3
307,Cartoon Network,cartoon,,sfe3,sfe3,,,,233.99.61.131,5000,,,,,,,228.8.10.134,10134,228.8.9.134,9134,228.8.8.134,8134,,,,,,,,sfe3
315,Boomerang,boomerang,,sfe3,sfe3,,,,239.32.0.37,5000,,,,,,,228.8.10.135,10135,228.8.9.135,9135,228.8.8.135,8135,,,,,,,,sfe3
241,Park Razvlecheniy,park,,sfe3,sfe3,,,,239.2.255.102,2020,,,,,,,228.8.10.136,10136,228.8.9.136,9136,228.8.8.136,8136,,,,,,,,sfe3
,,,,,,,,,,,,,,,,,,,,,,,,,,,,,,
,,,,,,,,,,,,,,,,,,,,,,,,,,,,,,
,Новые каналы,,,,,,,,,,,,,,,,,,,,,,,,,,,,,
,,,номер,,,,,,,,,,,,,,,,,,,,,,,,,,,
,Amazing life,amazinglife,401,sfe3,sfe3,,,,233.7.70.21,5000,,,,,,,228.8.10.94,10094,228.8.9.94,9094,228.8.8.94,8094,,17091,,,,,,sfe3
,France 24,france24,30,sfe3,sfe3,,,,239.32.0.38,5000,,,,,,,228.8.10.95,10095,228.8.9.95,9095,228.8.8.95,8095,,17092,,,,,,sfe3
,Дождь,dojd,44,sfe3,sfe3,,,,239.32.0.75,5000,,,,,,,228.8.10.96,10096,228.8.9.96,9096,228.8.8.96,8096,,17093,,,,,,sfe3
,Детский,detskiy,304,sfe3,sfe3,,,,224.1.1.88,6000,,,,,,,228.8.10.97,10097,228.8.9.97,9097,228.8.8.97,8097,,17094,,,,,,sfe3
,ОСТ ТВ,octtb,243,sfe3,sfe3,,,,233.99.61.109,5000,,,,,,,228.8.10.98,10098,228.8.9.98,9098,228.8.8.98,8098,,17095,,,,,,sfe3
,Мир,mir,34,sfe3,sfe3,,,,224.1.1.67,6000,,,,,,,228.8.10.99,10099,228.8.9.99,9099,228.8.8.99,8099,,17096,,,,,,sfe3
,Мир24,mir24,40,sfe3,sfe3,,,,239.32.0.78,5000,,,,,,,228.8.10.100,10100,228.8.9.100,9100,228.8.8.100,8100,,17097,,,,,,sfe3
,Радость моя,radostmoya,305,sfe3,sfe3,,,,239.2.255.26,2020,,,,,,,228.8.10.101,10101,228.8.9.101,9101,228.8.8.101,8101,,17098,,,,,,sfe3
,ТРО,tpo,703,sfe3,sfe3,,,,239.2.255.60,2020,,,,,,,228.8.10.102,10102,228.8.9.102,9102,228.8.8.102,8102,,17099,,,,,,sfe3
,8 канал,8kanal,705,sfe3,sfe3,,,,239.2.255.50,2020,,,,,,,228.8.10.103,10103,228.8.9.103,9103,228.8.8.103,8103,,17100,,,,,,sfe3
,Юмор ТВ,ymortv,405,sfe3,sfe3,,,,233.99.61.76,5000,,,,,,,228.8.10.104,10104,228.8.9.104,9104,228.8.8.104,8104,,17101,,,,,,sfe3
,Arirang,arrirang,706,sfe3,sfe3,,,,239.32.0.74,5000,,,,,,,228.8.10.105,10105,228.8.9.105,9105,228.8.8.105,8105,,17102,,,,,,sfe3
,Мать и дитя ,matditya,308,sfe3,sfe3,,,,233.7.70.41,5000,,,,,,,228.8.10.106,10106,228.8.9.106,9106,228.8.8.106,8106,,17103,,,,,,sfe3
,Style TV,styletv,404,sfe3,sfe3,,,,233.99.61.195,5000,,,,,,,228.8.10.107,10107,228.8.9.107,9107,228.8.8.107,8107,,17104,,,,,,sfe3
,Раз ТВ,raztv,411,sfe3,sfe3,,,,233.132.142.47 ,1234,,,,,,,228.8.10.108,10108,228.8.9.108,9108,228.8.8.108,8108,,17105,,,,,,sfe3
,Успех,yspeh,42,sfe3,sfe3,,,,233.99.61.63,5000,,,,,,,228.8.10.109,10109,228.8.9.109,9109,228.8.8.109,8109,,17106,,,,,,sfe3
,Инва Медиа ТВ,invamedia,43,sfe3,sfe3,,,,239.32.0.76,5000,,,,,,,228.8.10.131,10131,228.8.9.131,9131,228.8.8.131,8131,,17107,,,,,,sfe3
,Феникс+Кино,fenixkino,115,sfe3,sfe3,,,,239.2.255.5,2020,,,,,,,228.8.10.111,10111,228.8.9.111,9111,228.8.8.111,8111,,17108,,,,,,sfe5
,Русский Роман,russkiyroman,131,sfe3,sfe3,,,,233.99.61.252,5000,,,,,,,228.8.10.112,10112,228.8.9.112,9112,228.8.8.112,8112,,17109,,,,,,sfe5
,Закон ТВ,zakontv,236,sfe3,sfe3,,,,239.32.0.13,5000,,,,,,,228.8.10.113,10113,228.8.9.113,9113,228.8.8.113,8113,,17110,,,,,,sfe5
,Кто есть Кто,ktoestkto,235,sfe3,sfe3,,,,239.32.0.21,5000,,,,,,,228.8.10.114,10114,228.8.9.114,9114,228.8.8.114,8114,,17111,,,,,,sfe3
,Nickelodeon,nickelodeion,301,sfe3,sfe3,,,,239.2.255.99,2020,,,,,,,228.8.10.115,10115,228.8.9.115,9115,228.8.8.115,8115,,17112,4,,,,,sfe3
,NickJ,nickJ,313,sfe3,sfe3,,,,239.32.0.56,5000,,,,,,,228.8.10.116,10116,228.8.9.116,9116,228.8.8.116,8116,,17113,,,,,,sfe3
,Vh1 European,vh1european,508,sfe3,sfe3,,,,233.99.61.138,5000,,,,,,,228.8.10.117,10117,228.8.9.117,9117,228.8.8.117,8117,,17114,,,,,,sfe5
,VH1 Classic,vh1classic,515,sfe3,sfe3,,,,239.32.0.52,5000,,,,,,,228.8.10.118,10118,228.8.9.118,9118,228.8.8.118,8118,,17115,,,,,,sfe5
,MTV Rocks,mtvrocks,514,sfe3,sfe3,,,,239.32.0.53,5000,,,,,,,228.8.10.119,10119,228.8.9.119,9119,228.8.8.119,8119,,17116,,,,,,sfe5
,MTV Hits,mtvhits,513,sfe3,sfe3,,,,239.32.0.54,5000,,,,,,,228.8.10.120,10120,228.8.9.120,9120,228.8.8.120,8120,,17117,,,,,,sfe5
,MTV Dance,mtvdance,512,sfe3,sfe3,,,,239.32.0.51,5000,,,,,,,228.8.10.121,10121,228.8.9.121,9121,228.8.8.121,8121,,17118,,,,,,sfe5
,КХЛ ,khl,603,sfe3,sfe3,,,,233.7.70.37,5000,,,,,,,228.8.10.122,10122,228.8.9.122,9122,228.8.8.122,8122,,17119,,,,,,sfe5
,,,,,,,,,,,,,,,,,,,,,,,,,,,,,,
,Пакет HD 2 (Внешние абоненты),,номер,,,,,,адрес,порт,,,,,,,,,,,,,,,,,,,,
,Eurosport HD,eurosporthd,901,sfe3,,,,,239.32.2.9,5000,,,,,,,228.8.10.123,10123,228.8.9.123,9123,228.8.8.123,8123,,17120,,,,,,sfe6
,Спорт 1 HD,sport1hd,902,sfe3,,,,,233.98.204.160,22222,,,,,,,228.8.10.124,10124,228.8.9.124,9124,228.8.8.124,8124,,17121,,,,,,sfe6
,Travel Channel HD,travelhd,906,sfe3,,,,,233.7.70.156,5000,,,,,,,228.8.10.125,10125,228.8.9.125,9125,228.8.8.125,8125,,17122,,,,,,sfe6
,Outdoor channel HD,outdoorhd,911,sfe3,,,,,239.32.2.16,5000,,,,,,,228.8.10.126,10126,228.8.9.126,9126,228.8.8.126,8126,,17123,,,,,,sfe6
,,,,,,,,,,,,,,,,,,,,,,,,,,,,,,
,Взрослый 2 (Внешние Абоненты),,номер,,,,,,адрес,порт,,,,,,,,,,,,,,,,,,,,
,Русская ночь,rysskayanoch,801,sfe3,,,,,239.255.50.59,1234,,,,,,,228.8.10.127,10127,228.8.9.127,9127,228.8.8.127,8127,,17124,,,,,,sfe5
,Blue Hustler,bluehastler,802,sfe3,,,,,224.1.2.51,6000,,,,,,,228.8.10.128,10128,228.8.9.128,9128,228.8.8.128,8128,,17125,,,,,,sfe5
,Playboy,playboy,803,sfe3,,,,,239.32.3.6,1025,,,,,,,228.8.10.129,10129,228.8.9.129,9129,228.8.8.129,8129,,17126,,,,,,sfe5
,XXL,xxl,804,sfe3,,,,,239.32.0.44,5000,,,,,,,228.8.10.130,10130,228.8.9.130,9130,228.8.8.130,8130,,17127,,,,,,sfe5
,,,,,,,,,,,,,,,,,,,,,,,,,,,,,,
,,,,,,,,,,,,,,,,,,,,,,,,,,,,,,
,,,,,,,,,,,,,,,,,,,,,,,,,,,,сервер №1,sfe1,30
,,,,,,,,,,,,,,,,,,,,,,,,,,,,сервер №2,sfe2,27
,,,,,,,,,,,,,,,,,,,,,,,,,,,,сервер №3,sfe3,30
,,,,,,,,,,,,,,,,,,,,,,,,,,,,сервер №4,sfe4,22
,,,,,,,,,,,,,,,,,,,,,,,,,,,,сервер №5,sfe5,19
,,,,,,,,,,,,,,,,,,,,,,,,,,,,сервер №5,sfe6,4
,,,Итого вещается:,131,,,,,,,,,,,,,,,,,,,,,,,,,,132
,,,,,,,,,,,,,,,,,,,,,,,,,,,,,,
,,,,,,,,,,,,,,,,,,,,,,,,,,,,,,
,,,,,,,,,,,,,,,,,,,,,,,,,,,,,,
,,,,,,,,,,,,,,,,,,,,,,,,,,,,,,
85,TLC,tlc,выключить,sfe1,,,,,239.255.50.30,1234,,,,удовлетворительно,704x576,4:3,228.8.10.34,10034,228.8.9.34,9034,228.8.8.34,8034,,,http://sfe1.rt.bradburylab.tv/live/_definst_/smil:tlc_sd.smil/playlist.m3u8,,228.8.8.34:8034,228.8.9.34:9034,228.8.10.34:10034,
91,ОлимпТВ,olimptv,выключить,sfe1,,,,,239.255.50.50,8000,,,,удовлетворительно,720x576,16:9,228.8.10.27,10027,228.8.9.27,9027,228.8.8.27,8027,,,http://sfe1.rt.bradburylab.tv/live/_definst_/smil:olimptv_sd.smil/playlist.m3u8,,228.8.8.27:8027,228.8.9.27:9027,228.8.10.27:10027,